Create Database OnlineSales;
Use OnlineSales;
DROP TABLE IF EXISTS customer;
CREATE TABLE customer (
  customer_id VARCHAR(10) NOT NULL,
  name VARCHAR(100) NOT NULL,
  city VARCHAR(65) NOT NULL,
  email VARCHAR(45) NOT NULL UNIQUE,
  phone_no VARCHAR(15) NOT NULL,
  address VARCHAR(100) NOT NULL,
  pin_code INT NOT NULL,
  PRIMARY KEY (customer_id)
);

INSERT INTO customer VALUES 
('C1001','Amit','Mumbai','amit@gmail.com','9876543210','Andheri East',400053),
('C1002','Raj','Delhi','raj@gmail.com','9871234567','Connaught Place',110001),
('C1003','Vikram','Chennai','vikram@gmail.com','9876547890','T. Nagar',600017),
('C1004','Priya','Bangalore','priya@gmail.com','9875671234','Koramangala',560034),
('C1005','Aarav','Hyderabad','aarav@gmail.com','9123456789','Banjara Hills',500034),
('C1006','Kavya','Kolkata','kavya@gmail.com','9234567890','Salt Lake',700091),
('C1007','Anjali','Mumbai','anjali@gmail.com','9134567890','Malad West',400064),
('C1008','Rohit','Delhi','rohit@gmail.com','9345678901','Saket',110017),
('C1009','Neha','Pune','neha@gmail.com','9456789012','Kothrud',411038),
('C1010','Sahil','Jaipur','sahil@gmail.com','9567890123','Vaishali Nagar',302021),
('C1011','Divya','Bangalore','divya@gmail.com','9678901234','Whitefield',560066),
('C1012','Isha','Ahmedabad','isha@gmail.com','9789012345','Satellite',380015),
('C1013','Aryan','Mumbai','aryan@gmail.com','9890123456','Bandra West',400050),
('C1014','Sanya','Delhi','sanya@gmail.com','9012345678','Lajpat Nagar',110024),
('C1015','Meera','Chennai','meera@gmail.com','9123456780','Adyar',600020),
('C1016','Yash','Hyderabad','yash@gmail.com','9234567891','Gachibowli',500032),
('C1017','Tara','Pune','tara@gmail.com','9345678902','Viman Nagar',411014),
('C1018','Manish','Kolkata','manish@gmail.com','9456789013','New Alipore',700053),
('C1019','Simran','Mumbai','simran@gmail.com','9567890124','Powai',400076),
('C1020','Karan','Delhi','karan@gmail.com','9678901235','Defence Colony',110024),
('C1021','Nisha','Bangalore','nisha@gmail.com','9789012346','Jayanagar',560041),
('C1022','Rahul','Chennai','rahul@gmail.com','9890123457','Velachery',600042),
('C1028','Sneha','Pune','sneha@gmail.com','9012345679','Hinjewadi',411057),
('C1029','Ravi','Mumbai','ravi@gmail.com','9123456781','Thane',400601),
('C1030','Reema','Kolkata','reema@gmail.com','9234567892','Park Street',700016),
('C1031','Siddharth','Jaipur','siddharth@gmail.com','9345678903','Civil Lines',302006),
('C1032','Pooja','Ahmedabad','pooja@gmail.com','9456789014','Navrangpura',380009),
('C1033','Arjun','Bangalore','arjun@gmail.com','9567890125','Indiranagar',560038),
('C1034','Anshika','Mumbai','anshika@gmail.com','9678901236','Worli',400018),
('C1035','Gaurav','Delhi','gaurav@gmail.com','9789012347','Karol Bagh',110005),
('C1036','Swati','Hyderabad','swati@gmail.com','9890123458','Jubilee Hills',500033),
('C1037','Vani','Chennai','vani@gmail.com','9012345680','Guindy',600032),
('C1038','Krishna','Bangalore','krishna@gmail.com','9123456782','HSR Layout',560102),
('C1039','Anita','Kolkata','anita@gmail.com','9234567893','Ballygunge',700019),
('C1040','Aditya','Jaipur','aditya@gmail.com','9345678904','Mansarovar',302020),
('C1041','Madhuri','Mumbai','madhuri@gmail.com','9456789015','Juhu',400049),
('C1042','Vivek','Ahmedabad','vivek@gmail.com','9567890126','Paldi',380007),
('C1043','Riya','Delhi','riya@gmail.com','9678901237','Shahdara',110032),
('C1044','Akshay','Chennai','akshay@gmail.com','9789012348','Perungudi',600096),
('C1045','Shivani','Hyderabad','shivani@gmail.com','9890123459','Madhapur',500081),
('C1046','Naveen','Pune','naveen@gmail.com','9012345681','Aundh',411007),
('C1047','Suresh','Bangalore','suresh@gmail.com','9123456783','Bannerghatta Road',560076),
('C1048','Lakshmi','Chennai','lakshmi@gmail.com','9234567894','Anna Nagar',600040),
('C1049','Kavita','Kolkata','kavita@gmail.com','9345678905','Jadavpur',700032),
('C1050','Rajesh','Hyderabad','rajesh@gmail.com','9456789016','Begumpet',500016),
('C1051','Anand','Ahmedabad','anand@gmail.com','9567890127','Vastrapur',380015),
('C1052','Bhavna','Delhi','bhavna@gmail.com','9678901238','Rohini',110085),
('C1053','Devi','Chennai','devi@gmail.com','9789012349','Thiruvanmiyur',600041),
('C1054','Prateek','Pune','prateek@gmail.com','9890123460','Baner',411045),
('C1055','Deepak','Mumbai','deepak@gmail.com','9012345682','Chembur',400071),
('C1056','Ishita','Bangalore','ishita@gmail.com','9123456784','Electronic City',560100),
('C1057','Aakash','Jaipur','aakash@gmail.com','9234567895','Bapu Nagar',302015),
('C1058','Mahesh','Hyderabad','mahesh@gmail.com','9345678906','Somajiguda',500082),
('C1059','Tanish','Ahmedabad','tanish@gmail.com','9456789017','Bodakdev',380054),
('C1060','Rachna','Delhi','rachna@gmail.com','9567890128','Patel Nagar',110008),
('C1061','Dhruv','Pune','dhruv@gmail.com','9678901239','Deccan',411004),
('C1062','Seema','Chennai','seema@gmail.com','9789012350','Kodambakkam',600024),
('C1063','Vikas','Mumbai','vikas@gmail.com','9890123461','Dadar',400028),
('C1064','Ajay','Bangalore','ajay@gmail.com','9012345683','Marathahalli',560037),
('C1065','Ritika','Kolkata','ritika@gmail.com','9123456785','Dum Dum',700028),
('C1066','Punit','Jaipur','punit@gmail.com','9234567896','C Scheme',302001),
('C1067','Suman','Hyderabad','suman@gmail.com','9345678907','Kukatpally',500072);

select * from customer;

CREATE TABLE product (
  product_id VARCHAR(10) NOT NULL,
  product_name VARCHAR(100) NOT NULL,
  category VARCHAR(65) NOT NULL,
  sub_category VARCHAR(45) NOT NULL,
  original_price DOUBLE NOT NULL,
  selling_price DOUBLE NOT NULL,
  stock INT NOT NULL,
  PRIMARY KEY (product_id)
);

INSERT INTO product 
VALUES 
('P102','Chair','furniture','Chairs',20000,15000,10),
('P103','Laptop','Electronics','computer',60000,55000,50),
('P104','Smartphone','Electronics','phone',45000,40000,20),
('P105','Blender','Appliance','Electronics',500,450,10),
('P106','Laptop HP','Electronics','Computers',67200,55000.99,50),
('P107','Samsung Galaxy','Electronics','Mobiles',60000.99,49000.99,100),
('P108','Desk','Furniture','Desks',30000,25000,15),
('P109','Tablet','Electronics','Tablets',35000,30000,30),
('P110','Microwave','Appliance','Electronics',8000,6000,25),
('P111','Television','Electronics','TVs',60000,50000,40),
('P112','chair','Furniture','chairs',1000,800,10),
('P113','Dining Table','Furniture','Tables',40000,35000,20),
('P114','Refrigerator','Appliance','Electronics',20000,18000,12),
('P115','Sofa','Furniture','Sofas',45000,40000,18),
('P116','Digital Camera','Electronics','Cameras',25000,20000,22),
('P117','Vacuum Cleaner','Appliance','Electronics',7000,5000,28),
('P118','Headphones','Electronics','Audio',5000,4000,35),
('P119','Desk Lamp','Furniture','Lamps',3000,2500,45),
('P120','Printer','Electronics','Printers',12000,10000,15),
('P121','Recliner','Furniture','Chairs',35000,30000,25),
('P122','Tablet','Electronics','Tablets',30000,25000,30),
('P123','Microwave Oven','Appliance','Electronics',10000,8000,40),
('P124','Gaming Console','Electronics','Consoles',45000,40000,20),
('P125','Smartwatch','Electronics','Wearables',15000,12000,50),
('P126','Projector','Electronics','Entertainment',50000,45000,15),
('P127','Coffee Maker','Appliance','Electronics',10000,8000,20),
('P128','Vacuum Cleaner','Appliance','Electronics',12000,10000,25),
('P129','Smartwatch','Electronics','Wearables',25000,20000,30),
('P130','Television','Electronics','Entertainment',80000,70000,15),
('P131','Gaming Console','Electronics','Entertainment',35000,30000,20),
('P132','Sofa Set','Furniture','Furniture',50000,45000,10),
('P133','Water Purifier','Appliance','Electronics',15000,12000,18),
('P134','Tablet','Electronics','Computers',30000,25000,22),
('P135','Dishwasher','Appliance','Electronics',18000,15000,12),
('P136','Air Purifier','Appliance','Electronics',20000,18000,20),
('P137','Fitness Tracker','Electronics','Wearables',15000,12000,25),
('P138','Smart Speaker','Appliance','Electronics',18000,15000,30),
('P139','Monitor','Electronics','Computers',25000,20000,15),
('P140','Digital Camera','Electronics','Photography',30000,25000,20),
('P141','Printer','Electronics','Computers',12000,10000,10),
('P142','Microwave Oven','Appliance','Electronics',10000,8000,18),
('P143','Headphones','Electronics','Audio',8000,6000,22),
('P144','External Hard Drive','Electronics','Computers',5000,4000,12),
('P145','Bluetooth Speaker','Appliance','Electronics',8000,6500,28),
('P146','Coffee Maker','Appliance','Electronics',6000,5000,20),
('P147','Wireless Earbuds','Electronics','Audio',5000,4000,15),
('P148','Tablet','Electronics','Computers',30000,25000,10),
('P149','Portable Charger','Electronics','Accessories',4000,3000,25),
('P150','Vacuum Cleaner','Appliance','Electronics',10000,8500,18),
('P151','Gaming Mouse','Electronics','Computers',3000,2500,30),
('P152','Smartwatch','Electronics','Wearables',15000,12000,22),
('P153','Desk Lamp','Furniture','Lamps',5000,4000,20),
('P154','Wireless Mouse','Electronics','Computers',2500,2000,30),
('P155','External Hard Drive','Electronics','Computers',6000,5000,25),
('P156','Fitness Tracker','Electronics','Wearables',8000,6500,20),
('P157','Air Purifier','Appliance','Electronics',12000,10000,15),
('P158','Electric Toothbrush','Appliance','Electronics',4000,3000,18),
('P159','Car Vacuum','Appliance','Electronics',5000,4000,20),
('P160','Portable Speaker','Appliance','Electronics',3500,3000,22),
('P161','Smart Scale','Appliance','Electronics',3000,2500,20),
('P162','Streaming Device','Electronics','Accessories',5000,4000,18);

select * from product;

CREATE TABLE order_details (
  order_id INT NOT NULL AUTO_INCREMENT,
  customer_id VARCHAR(10) NOT NULL,
  product_id VARCHAR(10) NOT NULL,
  quantity DOUBLE NOT NULL,
  total_price DOUBLE NOT NULL,
  payment_mode VARCHAR(60) NOT NULL,
  order_date DATETIME DEFAULT NULL,
  order_status VARCHAR(20) NOT NULL,
  PRIMARY KEY (order_id),
  KEY (customer_id),
  KEY (product_id),
  CONSTRAINT fk_customer FOREIGN KEY (customer_id) REFERENCES customer (customer_id),
  CONSTRAINT fk_product FOREIGN KEY (product_id) REFERENCES product (product_id)
);

INSERT INTO order_details (order_id, customer_id, product_id, quantity, total_price, payment_mode, order_date, order_status) 
VALUES 
(3, 'C1004', 'P112', 1, 1000, 'COD', '2023-11-30 00:00:00', 'Pending'),
(4, 'C1005', 'P102', 1, 20000, 'COD', '2023-11-30 00:00:00', 'Pending'),
(5, 'C1005', 'P102', 1, 20000, 'COD', '2023-12-08 00:00:00', 'Delivered'),
(7, 'C1006', 'P103', 1, 55000, 'COD', '2023-12-15 00:00:00', 'Delivered'),
(8, 'C1006', 'P102', 1, 15000, 'COD', '2023-12-01 00:00:00', 'Delivered'),
(9, 'C1005', 'P105', 1, 450, 'COD', '2023-11-23 00:00:00', 'Delivered'),
(10, 'C1003', 'P105', 1, 450, 'COD', '2023-12-19 00:00:00', 'Pending'),
(11, 'C1003', 'P103', 1, 55000, 'COD', '2023-12-21 00:00:00', 'Pending'),
(12, 'C1009', 'P108', 2, 50000, 'Online', '2023-12-23 00:00:00', 'Pending'),
(13, 'C1008', 'P111', 1, 50000, 'Online', '2023-12-24 00:00:00', 'Pending'),
(14, 'C1009', 'P113', 1, 35000, 'Online', '2023-12-25 00:00:00', 'Pending'),
(15, 'C1010', 'P109', 2, 60000, 'Online', '2023-12-26 00:00:00', 'Pending'),
(16, 'C1010', 'P110', 1, 6000, 'Online', '2023-12-27 00:00:00', 'Pending'),
(17, 'C1011', 'P114', 1, 18000, 'Online', '2023-12-28 00:00:00', 'Pending'),
(18, 'C1013', 'P115', 1, 40000, 'Online', '2023-12-29 00:00:00', 'Pending'),
(19, 'C1014', 'P116', 1, 20000, 'Online', '2023-12-30 00:00:00', 'Pending'),
(20, 'C1015', 'P117', 1, 5000, 'Online', '2023-12-31 00:00:00', 'Pending'),
(21, 'C1016', 'P118', 2, 8000, 'Online', '2024-01-01 00:00:00', 'Pending'),
(22, 'C1017', 'P119', 3, 7500, 'Online', '2024-01-02 00:00:00', 'Pending'),
(23, 'C1013', 'P120', 1, 10000, 'Online', '2024-01-03 00:00:00', 'Pending'),
(30, 'C1019', 'P121', 1, 30000, 'Online', '2024-01-10 00:00:00', 'Delivered'),
(31, 'C1020', 'P122', 2, 50000, 'Online', '2024-01-11 00:00:00', 'Cancelled'),
(32, 'C1021', 'P123', 1, 8000, 'Online', '2024-01-12 00:00:00', 'Pending'),
(33, 'C1022', 'P124', 1, 40000, 'Online', '2024-01-13 00:00:00', 'Shipped'),
(34, 'C1018', 'P125', 3, 36000, 'Online', '2024-01-14 00:00:00', 'Delivered'),
(35, 'C1019', 'P126', 1, 45000, 'Online', '2024-01-15 00:00:00', 'Returned'),
(36, 'C1010', 'P108', 2, 24000, 'Online', '2024-01-16 00:00:00', 'Shipped'),
(37, 'C1011', 'P109', 1, 27000, 'COD', '2024-01-17 00:00:00', 'Delivered'),
(38, 'C1012', 'P110', 3, 24000, 'Online', '2024-01-18 00:00:00', 'Pending'),
(39, 'C1013', 'P111', 2, 44000, 'Online', '2024-01-19 00:00:00', 'Shipped'),
(40, 'C1014', 'P112', 1, 50000, 'COD', '2024-01-20 00:00:00', 'Delivered'),
(41, 'C1015', 'P113', 1, 35000, 'COD', '2024-01-21 00:00:00', 'Cancelled'),
(42, 'C1016', 'P114', 2, 20000, 'Online', '2024-01-22 00:00:00', 'Delivered'),
(43, 'C1017', 'P115', 2, 8000, 'Online', '2024-01-23 00:00:00', 'Shipped'),
(44, 'C1008', 'P116', 1, 6500, 'COD', '2024-01-24 00:00:00', 'Delivered'),
(45, 'C1009', 'P117', 2, 30000, 'COD', '2024-01-25 00:00:00', 'Pending'),
(56, 'C1028', 'P127', 1, 8000, 'COD', '2024-02-11 00:00:00', 'Pending'),
(57, 'C1029', 'P128', 2, 20000, 'Online', '2024-02-12 00:00:00', 'Shipped'),
(58, 'C1030', 'P129', 1, 20000, 'Online', '2024-02-13 00:00:00', 'Delivered'),
(59, 'C1031', 'P130', 1, 70000, 'COD', '2024-02-14 00:00:00', 'Pending'),
(60, 'C1032', 'P131', 1, 30000, 'Online', '2024-02-15 00:00:00', 'Delivered'),
(61, 'C1033', 'P132', 2, 90000, 'COD', '2024-02-16 00:00:00', 'Cancelled'),
(62, 'C1034', 'P133', 1, 12000, 'Online', '2024-02-17 00:00:00', 'Delivered'),
(63, 'C1035', 'P134', 1, 25000, 'COD', '2024-02-18 00:00:00', 'Shipped'),
(64, 'C1036', 'P135', 1, 15000, 'Online', '2024-02-19 00:00:00', 'Delivered'),
(65, 'C1037', 'P127', 2, 16000, 'COD', '2024-02-20 00:00:00', 'Shipped'),
(66, 'C1038', 'P136', 1, 18000, 'COD', '2024-02-21 00:00:00', 'Pending'),
(67, 'C1039', 'P137', 2, 24000, 'Online', '2024-02-22 00:00:00', 'Shipped'),
(68, 'C1040', 'P138', 1, 15000, 'Online', '2024-02-23 00:00:00', 'Delivered'),
(69, 'C1041', 'P139', 1, 20000, 'COD', '2024-02-24 00:00:00', 'Pending'),
(70, 'C1042', 'P140', 1, 25000, 'Online', '2024-02-25 00:00:00', 'Pending'),
(71, 'C1043', 'P141', 2, 20000, 'COD', '2024-02-26 00:00:00', 'Cancelled'),
(72, 'C1044', 'P142', 1, 8000, 'Online', '2024-02-27 00:00:00', 'Delivered'),
(73, 'C1045', 'P143', 1, 6000, 'COD', '2024-02-28 00:00:00', 'Shipped'),
(74, 'C1046', 'P144', 1, 4000, 'Online', '2024-02-29 00:00:00', 'Delivered'),
(75, 'C1047', 'P136', 2, 36000, 'COD', '2024-03-01 00:00:00', 'Shipped'),
(76, 'C1048', 'P145', 1, 6500, 'Online', '2024-03-02 00:00:00', 'Delivered'),
(77, 'C1049', 'P146', 1, 5000, 'COD', '2024-03-03 00:00:00', 'Shipped'),
(78, 'C1050', 'P147', 2, 8000, 'COD', '2024-03-04 00:00:00', 'Pending'),
(79, 'C1051', 'P148', 1, 25000, 'Online', '2024-03-05 00:00:00', 'Delivered'),
(80, 'C1052', 'P149', 1, 3000, 'COD', '2024-03-06 00:00:00', 'Shipped'),
(81, 'C1053', 'P150', 2, 17000, 'Online', '2024-03-07 00:00:00', 'Delivered'),
(82, 'C1054', 'P151', 1, 2500, 'COD', '2024-03-08 00:00:00', 'Cancelled'),
(83, 'C1055', 'P152', 1, 12000, 'Online', '2024-03-09 00:00:00', 'Delivered'),
(84, 'C1056', 'P153', 1, 4000, 'COD', '2024-03-10 00:00:00', 'Delivered'),
(85, 'C1057', 'P145', 2, 13000, 'Online', '2024-03-11 00:00:00', 'Shipped'),
(86, 'C1058', 'P154', 1, 2000, 'Online', '2024-03-12 00:00:00', 'Delivered'),
(87, 'C1059', 'P155', 1, 5000, 'COD', '2024-03-13 00:00:00', 'Pending'),
(88, 'C1060', 'P156', 2, 13000, 'COD', '2024-03-14 00:00:00', 'Shipped'),
(89, 'C1061', 'P157', 1, 10000, 'Online', '2024-03-15 00:00:00', 'Delivered'),
(90, 'C1062', 'P158', 1, 3000, 'COD', '2024-03-16 00:00:00', 'Shipped'),
(91, 'C1063', 'P159', 2, 8000, 'Online', '2024-03-17 00:00:00', 'Delivered'),
(92, 'C1064', 'P160', 1, 3000, 'COD', '2024-03-18 00:00:00', 'Cancelled'),
(93, 'C1065', 'P161', 1, 2500, 'Online', '2024-03-19 00:00:00', 'Delivered'),
(94, 'C1066', 'P162', 1, 4000, 'COD', '2024-03-20 00:00:00', 'Delivered'),
(95, 'C1067', 'P154', 2, 4000, 'Online', '2024-03-21 00:00:00', 'Shipped');

select * from order_details;



